﻿<?xml version='1.0' encoding='utf-8'?>

<images
	widthvar="400"
	heightvar="170"
	stagex="0"
	stagey="0"
	
	controlsvisible="true"
	scalemodifier="1.15"
	fadetime="1"
	imageblur="0"
	imageblurfadetime="0"
	captionbgblur="10"
	captiontextblur="10"
	captionbgfadetime="1"
	captiontextfadetime="1"
	captionlinespacing="2"
>
		<image imageurl="http://em.nimaboke.com/content/uploadfile/201412/25031419687533.jpg" showtime="8">
		<captions 
			fontsize="14" 
			fontcolor="0xFFFFFF" 
			backgroundcolor="0x222222" 
			backgroundopacity="90" 
			urllink="http://wnin.cn/" 
			urltarget=""
		>1修改</captions>
		<captions 
			fontsize="11" 
			fontcolor="0xFFFFFF" 
			backgroundcolor="0x642216" 
			backgroundopacity="90" 
			urllink="" 
			urltarget=""
		>emlog修改</captions>
		<captions 
			fontsize="9" 
			fontcolor="0x000000" 
			backgroundcolor="0xf5cb53" 
			backgroundopacity="90" 
			urllink="http://wnin.cn/" 
			urltarget=""
		>more</captions>				
	</image>
		<image imageurl="http://localhost/emlog/content/templates/default/themes/images/g2.jpg" showtime="8">
		<captions 
			fontsize="14" 
			fontcolor="0xFFFFFF" 
			backgroundcolor="0x222222" 
			backgroundopacity="90" 
			urllink="http://wnin.cn/" 
			urltarget=""
		>2修改</captions>
		<captions 
			fontsize="11" 
			fontcolor="0xFFFFFF" 
			backgroundcolor="0x2c4049" 
			backgroundopacity="90" 
			urllink="" 
			urltarget=""
		>emlog修改</captions>
		<captions 
			fontsize="9" 
			fontcolor="0x000000" 
			backgroundcolor="0xf5cb53" 
			backgroundopacity="90" 
			urllink="http://wnin.cn/" 
			urltarget=""
		>more</captions>				
	</image>
		<image imageurl="http://localhost/emlog/content/templates/default/themes/images/g3.jpg" showtime="8">
		<captions 
			fontsize="14" 
			fontcolor="0xFFFFFF" 
			backgroundcolor="0x222222" 
			backgroundopacity="90" 
			urllink="http://wnin.cn/" 
			urltarget=""
		>3修改</captions>
		<captions 
			fontsize="11" 
			fontcolor="0xFFFFFF" 
			backgroundcolor="0xc0ac91" 
			backgroundopacity="90" 
			urllink="" 
			urltarget=""
		>emlog修改</captions>
		<captions 
			fontsize="9" 
			fontcolor="0x000000" 
			backgroundcolor="0xf5cb53" 
			backgroundopacity="90" 
			urllink="http://wnin.cn/" 
			urltarget=""
		>more</captions>				
	</image>
		
</images>
