[
    {
        "id": 1,
		"dir":"time",
        "name": "time",
        "username": "wrz",
        "type":"tpl",
        "version": "1.1",
        "date": "01/11/18",
        "pic":"http://www.emlog.net/addons/templates/821/icon/70b0400ee3cac61998ccd3c7a7c2791b.png",
        "des": "分享大家一款emlog时间轴演示模版，记录生活点点滴滴.",
        "remark": "http://www.emlog.net/template/download/821"
    },
    {
        "id": 2,
		"dir":"Czw_TimeAxis",
        "name": "心蓝时间轴",
        "username": "陈子文",
        "type":"tpl",
        "version": "1.0",
        "date": "01/01/18",
        "pic":"http://www.emlog.net/addons/templates/813/icon/91c9efae0692a46f61ed397f12327a0f.jpg",
        "des": "这款模板的UI是杨青设计的，我只是代码的搬运工，如果你觉得喜欢，可以下载下来安装，模板自带三个风格，当然，你也可以自己更换风格。这款主题叫做《心蓝时间轴》，使用css3技术实现网站动画效果，主要模块是时间轴部分.主题颜色为蓝色.",
        "remark": "http://www.emlog.net/template/download/813"
    },
    {
        "id": 3,
		"dir":"fys",
        "name": "fys",
        "username": "会飞的鱼",
         "type":"tpl",
        "version": "1.7",
        "date": "07/19/17",
        "pic":"http://www.emlog.net/addons/templates/811/5f76c6c84a93afb015c2d400952de85c.jpg",
        "des": "本模板是由dux4.0版本二次开发，具有简单易懂、主题鲜明、美观大方、功能丰富等有点，更有强劲的整体格局全部整改，整个页面更加美观，更加漂亮！",
        "remark": "http://www.emlog.net/template/download/811"
    }
]