[
    {
        "id": 1,
		"dir":"miaopai",
        "name": "秒拍",
        "username": "二呆",
        "type":"tpl",
        "version": "V1.0.2",
        "date": "2019-03-22",
        "pic":"https://ae01.alicdn.com/kf/HTB10njiX.KF3KVjSZFE760ExFXam.png",
        "des": "一个仿秒拍的模板。",
        "remark": "https://raw.githubusercontent.com/TypechoStore/EmlogStore/master/themes/miaopai.zip"
    },
    {
        "id": 2,
		"dir":"tongleer",
        "name": "微博",
        "username": "二呆",
        "type":"tpl",
        "version": "V1.0.11",
        "date": "2019-03-22",
        "pic":"https://ae01.alicdn.com/kf/HTB18CvhX3mH3KVjSZKz7622OXXaF.png",
        "des": "一个仿微博的模板，使用了Amaze UI中国首个开源 HTML5 跨屏前端框架制作。",
        "remark": "https://raw.githubusercontent.com/TypechoStore/EmlogStore/master/themes/tongleer.zip"
    },
    {
        "id": 3,
		"dir":"sinav2",
        "name": "新浪微博同步",
        "username": "二呆",
        "type":"pls",
        "version": "V3.0.1",
        "date": "2018-06-02",
        "pic":"",
        "des": "基于新浪微博API(OAuth2.0授权认证)，可以将在emlog内发布的碎语、日志同步到指定的新浪微博账号。针对2017年6月26日微博API更新有所调整。可配合微博图床实现上传至微博相册功能。",
        "remark": "https://raw.githubusercontent.com/TypechoStore/EmlogStore/master/plugins/sinav2.zip"
    },
    {
        "id": 4,
		"dir":"tle_sinaimgbed",
        "name": "阿里微博图床",
        "username": "二呆",
        "type":"pls",
        "version": "V1.0.3",
        "date": "2019-05-04",
        "pic":"",
        "des": "这是一款简单的Emlog微博图床插件，可把图片上传到阿里新浪微博存储，支持远程和本地链接互相转换、自定义图床链接前缀，可上传到自己的微博相册。",
        "remark": "https://raw.githubusercontent.com/TypechoStore/EmlogStore/master/plugins/TleSinaimgbed.zip"
    },
    {
        "id": 5,
		"dir":"TleChat",
        "name": "站长聊天室",
        "username": "二呆",
        "type":"pls",
        "version": "V1.0.5",
        "date": "2019-04-08",
        "pic":"https://ae01.alicdn.com/kf/HTB1h7_jX.CF3KVjSZJn762nHFXaO.png",
        "des": "站长聊天室插件为站长和用户提供聊天室功能，让站长与用户之间的联系更加友爱，支持文本、长文本、语音聊天、图片传输及站长之间的QQ、微信、支付宝打赏，共同建立一个友爱的联盟。新增前台聊天室模块，并且站长可以建立属于自己的聊天室，增强自己网站用户粘合度。",
        "remark": "https://raw.githubusercontent.com/TypechoStore/EmlogStore/master/plugins/sinav2.zip"
    }
]